{"done":true,"r0_mq":112.72403513180015,"r0_tgs":28.48442189010719,"r0_mn3":867.1458621019873,"r0_mrd":308.8232655344442}